{
"transformationSize":[449, 287], 
"leftTransformationMat": [1.4728033472803344, 0.0, 0.0, 0.23076923076923098, 0.9999999999999993, 0.0, 0.0009655616350177014, -1.549261143386121e-18, 1.0],
"rightTransformationMat": [0.4614364222095888, -0.0, 93.33238582527956, -0.1358726549175668, 0.5912450255827175, 97.69243888573051, -0.0005685048322910744, -0.0, 1.0]
}